{
  "Random": {
    "method": "Random",
    "aggregate_metrics": {
      "mean_improvement": 3.893151231110096,
      "std_improvement": 3.629182068318059,
      "mean_final_value": -3.4585143253207207,
      "mean_trajectory_value": 0.4729796350002289,
      "mean_f1_score": 0.0,
      "mean_shd": 1.5,
      "n_scms": 4
    },
    "scm_results": {
      "fork": {
        "initial_value": 0.26458996534347534,
        "best_value": -2.6683528423309326,
        "improvement": 2.932942807674408,
        "regret": 0.0,
        "n_unique_interventions": 0,
        "true_parents": [
          "X",
          "Z"
        ],
        "mean_trajectory_value": 0.04271090030670166,
        "f1_score": 0.0,
        "shd": 2
      },
      "chain_3": {
        "initial_value": 0.31860530376434326,
        "best_value": -0.2734573781490326,
        "improvement": 0.5920626819133759,
        "regret": 0.0,
        "n_unique_interventions": 0,
        "true_parents": [
          "X1"
        ],
        "mean_trajectory_value": 1.580549716949463,
        "f1_score": 0.0,
        "shd": 1
      },
      "chain_5": {
        "initial_value": 0.9440136551856995,
        "best_value": -9.066347122192383,
        "improvement": 10.010360777378082,
        "regret": 0.0,
        "n_unique_interventions": 0,
        "true_parents": [
          "X3"
        ],
        "mean_trajectory_value": 0.7639052271842957,
        "f1_score": 0.0,
        "shd": 1
      },
      "collider": {
        "initial_value": 0.21133869886398315,
        "best_value": -1.8258999586105347,
        "improvement": 2.037238657474518,
        "regret": 0.0,
        "n_unique_interventions": 0,
        "true_parents": [
          "Y",
          "X"
        ],
        "mean_trajectory_value": -0.4952473044395447,
        "f1_score": 0.0,
        "shd": 2
      }
    }
  },
  "Oracle": {
    "method": "Oracle",
    "aggregate_metrics": {
      "mean_improvement": 4.193521097302437,
      "std_improvement": 0.7569530871710027,
      "mean_final_value": -3.7588841915130615,
      "mean_trajectory_value": -2.5420374274253845,
      "mean_f1_score": 0.0,
      "mean_shd": 1.5,
      "n_scms": 4
    },
    "scm_results": {
      "fork": {
        "initial_value": 0.26458996534347534,
        "best_value": -5.041262149810791,
        "improvement": 5.305852115154266,
        "regret": 0.0,
        "n_unique_interventions": 0,
        "true_parents": [
          "X",
          "Z"
        ],
        "mean_trajectory_value": -3.2810752391815186,
        "f1_score": 0.0,
        "shd": 2
      },
      "chain_3": {
        "initial_value": 0.31860530376434326,
        "best_value": -3.4809627532958984,
        "improvement": 3.7995680570602417,
        "regret": 0.0,
        "n_unique_interventions": 0,
        "true_parents": [
          "X1"
        ],
        "mean_trajectory_value": -2.5126214027404785,
        "f1_score": 0.0,
        "shd": 1
      },
      "chain_5": {
        "initial_value": 0.9440136551856995,
        "best_value": -3.4566218852996826,
        "improvement": 4.400635540485382,
        "regret": 0.0,
        "n_unique_interventions": 0,
        "true_parents": [
          "X3"
        ],
        "mean_trajectory_value": -2.3567075729370117,
        "f1_score": 0.0,
        "shd": 1
      },
      "collider": {
        "initial_value": 0.21133869886398315,
        "best_value": -3.056689977645874,
        "improvement": 3.268028676509857,
        "regret": 0.0,
        "n_unique_interventions": 0,
        "true_parents": [
          "Y",
          "X"
        ],
        "mean_trajectory_value": -2.0177454948425293,
        "f1_score": 0.0,
        "shd": 2
      }
    }
  },
  "grpo+bc_surrogate": {
    "method": "grpo+bc_surrogate",
    "aggregate_metrics": {
      "mean_improvement": 1.3788764774799347,
      "std_improvement": 0.11554121925326323,
      "mean_final_value": -0.9442395716905594,
      "mean_trajectory_value": 0.1783529929816723,
      "mean_f1_score": 0.0,
      "mean_shd": 1.5,
      "n_scms": 4
    },
    "scm_results": {
      "fork": {
        "initial_value": 0.26458996534347534,
        "best_value": -0.9508923888206482,
        "improvement": 1.2154823541641235,
        "regret": 0.0,
        "n_unique_interventions": 0,
        "true_parents": [
          "X",
          "Z"
        ],
        "mean_trajectory_value": 0.1655074656009674,
        "f1_score": 0.0,
        "shd": 2
      },
      "chain_3": {
        "initial_value": 0.31860530376434326,
        "best_value": -1.0679806470870972,
        "improvement": 1.3865859508514404,
        "regret": 0.0,
        "n_unique_interventions": 0,
        "true_parents": [
          "X1"
        ],
        "mean_trajectory_value": 0.06388576328754425,
        "f1_score": 0.0,
        "shd": 1
      },
      "chain_5": {
        "initial_value": 0.9440136551856995,
        "best_value": -0.5979200601577759,
        "improvement": 1.5419337153434753,
        "regret": 0.0,
        "n_unique_interventions": 0,
        "true_parents": [
          "X3"
        ],
        "mean_trajectory_value": 0.5654890537261963,
        "f1_score": 0.0,
        "shd": 1
      },
      "collider": {
        "initial_value": 0.21133869886398315,
        "best_value": -1.1601651906967163,
        "improvement": 1.3715038895606995,
        "regret": 0.0,
        "n_unique_interventions": 0,
        "true_parents": [
          "Y",
          "X"
        ],
        "mean_trajectory_value": -0.0814703106880188,
        "f1_score": 0.0,
        "shd": 2
      }
    }
  },
  "bc+bc_surrogate": {
    "method": "bc+bc_surrogate",
    "aggregate_metrics": {
      "mean_improvement": 2.6015425473451614,
      "std_improvement": 1.139792254908798,
      "mean_final_value": -2.166905641555786,
      "mean_trajectory_value": -0.5468272194266319,
      "mean_f1_score": 0.0,
      "mean_shd": 1.5,
      "n_scms": 4
    },
    "scm_results": {
      "fork": {
        "initial_value": 0.26458996534347534,
        "best_value": -1.5932754278182983,
        "improvement": 1.8578653931617737,
        "regret": 0.0,
        "n_unique_interventions": 0,
        "true_parents": [
          "X",
          "Z"
        ],
        "mean_trajectory_value": -0.4037773609161377,
        "f1_score": 0.0,
        "shd": 2
      },
      "chain_3": {
        "initial_value": 0.31860530376434326,
        "best_value": -2.035770893096924,
        "improvement": 2.354376196861267,
        "regret": 0.0,
        "n_unique_interventions": 0,
        "true_parents": [
          "X1"
        ],
        "mean_trajectory_value": -0.598098635673523,
        "f1_score": 0.0,
        "shd": 1
      },
      "chain_5": {
        "initial_value": 0.9440136551856995,
        "best_value": -3.5832431316375732,
        "improvement": 4.527256786823273,
        "regret": 0.0,
        "n_unique_interventions": 0,
        "true_parents": [
          "X3"
        ],
        "mean_trajectory_value": -0.9088644981384277,
        "f1_score": 0.0,
        "shd": 1
      },
      "collider": {
        "initial_value": 0.21133869886398315,
        "best_value": -1.4553331136703491,
        "improvement": 1.6666718125343323,
        "regret": 0.0,
        "n_unique_interventions": 0,
        "true_parents": [
          "Y",
          "X"
        ],
        "mean_trajectory_value": -0.27656838297843933,
        "f1_score": 0.0,
        "shd": 2
      }
    }
  }
}