{
  "Random": {
    "method": "Random",
    "aggregate_metrics": {
      "mean_improvement": 1.521541090682149,
      "std_improvement": 1.347500999883064,
      "mean_final_value": -1.1389108300209045,
      "mean_trajectory_value": -0.3006395027041435,
      "mean_f1_score": 0.0,
      "mean_shd": 1.5,
      "n_scms": 4
    },
    "scm_results": {
      "fork": {
        "initial_value": 0.05656338483095169,
        "best_value": -0.6004449725151062,
        "improvement": 0.6570083573460579,
        "regret": 0.0,
        "n_unique_interventions": 0,
        "true_parents": [
          "Z",
          "X"
        ],
        "mean_trajectory_value": -0.27194079756736755,
        "f1_score": 0.0,
        "shd": 2
      },
      "chain_3": {
        "initial_value": 0.31860530376434326,
        "best_value": -3.2187294960021973,
        "improvement": 3.5373347997665405,
        "regret": 0.0,
        "n_unique_interventions": 0,
        "true_parents": [
          "X1"
        ],
        "mean_trajectory_value": -1.4500620365142822,
        "f1_score": 0.0,
        "shd": 1
      },
      "chain_5": {
        "initial_value": 0.9440136551856995,
        "best_value": 0.9440136551856995,
        "improvement": 0.0,
        "regret": 0.0,
        "n_unique_interventions": 0,
        "true_parents": [
          "X3"
        ],
        "mean_trajectory_value": 1.2540167570114136,
        "f1_score": 0.0,
        "shd": 1
      },
      "collider": {
        "initial_value": 0.21133869886398315,
        "best_value": -1.6804825067520142,
        "improvement": 1.8918212056159973,
        "regret": 0.0,
        "n_unique_interventions": 0,
        "true_parents": [
          "Y",
          "X"
        ],
        "mean_trajectory_value": -0.7345719337463379,
        "f1_score": 0.0,
        "shd": 2
      }
    }
  },
  "Oracle": {
    "method": "Oracle",
    "aggregate_metrics": {
      "mean_improvement": 3.706619890406728,
      "std_improvement": 0.2781085227995379,
      "mean_final_value": -3.3239896297454834,
      "mean_trajectory_value": -1.4706796705722809,
      "mean_f1_score": 0.0,
      "mean_shd": 1.5,
      "n_scms": 4
    },
    "scm_results": {
      "fork": {
        "initial_value": 0.05656338483095169,
        "best_value": -3.982799530029297,
        "improvement": 4.039362914860249,
        "regret": 0.0,
        "n_unique_interventions": 0,
        "true_parents": [
          "Z",
          "X"
        ],
        "mean_trajectory_value": -1.963118076324463,
        "f1_score": 0.0,
        "shd": 2
      },
      "chain_3": {
        "initial_value": 0.31860530376434326,
        "best_value": -3.422293186187744,
        "improvement": 3.7408984899520874,
        "regret": 0.0,
        "n_unique_interventions": 0,
        "true_parents": [
          "X1"
        ],
        "mean_trajectory_value": -1.5518438816070557,
        "f1_score": 0.0,
        "shd": 1
      },
      "chain_5": {
        "initial_value": 0.9440136551856995,
        "best_value": -2.8341758251190186,
        "improvement": 3.778189480304718,
        "regret": 0.0,
        "n_unique_interventions": 0,
        "true_parents": [
          "X3"
        ],
        "mean_trajectory_value": -0.9450811147689819,
        "f1_score": 0.0,
        "shd": 1
      },
      "collider": {
        "initial_value": 0.21133869886398315,
        "best_value": -3.056689977645874,
        "improvement": 3.268028676509857,
        "regret": 0.0,
        "n_unique_interventions": 0,
        "true_parents": [
          "Y",
          "X"
        ],
        "mean_trajectory_value": -1.422675609588623,
        "f1_score": 0.0,
        "shd": 2
      }
    }
  },
  "bc+bc_surrogate": {
    "method": "bc+bc_surrogate",
    "aggregate_metrics": {
      "mean_improvement": 0.5857637971639633,
      "std_improvement": 0.45745822283970333,
      "mean_final_value": -0.20313353650271893,
      "mean_trajectory_value": 0.18569880723953247,
      "mean_f1_score": 0.0,
      "mean_shd": 1.5,
      "n_scms": 4
    },
    "scm_results": {
      "fork": {
        "initial_value": 0.05656338483095169,
        "best_value": 0.05656338483095169,
        "improvement": 0.0,
        "regret": 0.0,
        "n_unique_interventions": 0,
        "true_parents": [
          "Z",
          "X"
        ],
        "mean_trajectory_value": 0.44036516547203064,
        "f1_score": 0.0,
        "shd": 2
      },
      "chain_3": {
        "initial_value": 0.31860530376434326,
        "best_value": -0.4238702952861786,
        "improvement": 0.7424755990505219,
        "regret": 0.0,
        "n_unique_interventions": 0,
        "true_parents": [
          "X1"
        ],
        "mean_trajectory_value": -0.052632495760917664,
        "f1_score": 0.0,
        "shd": 1
      },
      "chain_5": {
        "initial_value": 0.9440136551856995,
        "best_value": -0.2906443476676941,
        "improvement": 1.2346580028533936,
        "regret": 0.0,
        "n_unique_interventions": 0,
        "true_parents": [
          "X3"
        ],
        "mean_trajectory_value": 0.3266846537590027,
        "f1_score": 0.0,
        "shd": 1
      },
      "collider": {
        "initial_value": 0.21133869886398315,
        "best_value": -0.1545828878879547,
        "improvement": 0.36592158675193787,
        "regret": 0.0,
        "n_unique_interventions": 0,
        "true_parents": [
          "Y",
          "X"
        ],
        "mean_trajectory_value": 0.02837790548801422,
        "f1_score": 0.0,
        "shd": 2
      }
    }
  }
}