{
  "results": {
    "debug_small": {
      "config_name": "debug",
      "problem_size": "small",
      "samples_to_convergence": 1000,
      "efficiency_score": 5.0,
      "final_reward": 0.9964217927306891,
      "learning_curve": [
        [
          0,
          0.16226421594619753
        ],
        [
          100,
          0.05836840867996216
        ],
        [
          200,
          0.359103012084961
        ],
        [
          300,
          0.3623719453811646
        ],
        [
          400,
          0.44948189556598667
        ],
        [
          500,
          0.520595309138298
        ],
        [
          600,
          0.6262972772121429
        ],
        [
          700,
          0.621194851398468
        ],
        [
          800,
          0.8901420712471009
        ],
        [
          900,
          0.8796487644314767
        ],
        [
          1000,
          0.9964217927306891
        ]
      ]
    },
    "debug_medium": {
      "config_name": "debug",
      "problem_size": "medium",
      "samples_to_convergence": 1300,
      "efficiency_score": 11.538461538461538,
      "final_reward": 0.9037550369898478,
      "learning_curve": [
        [
          0,
          0.16226421594619753
        ],
        [
          100,
          0.02503507534662882
        ],
        [
          200,
          0.2924363454182943
        ],
        [
          300,
          0.2623719453811646
        ],
        [
          400,
          0.3161485622326533
        ],
        [
          500,
          0.35392864247163136
        ],
        [
          600,
          0.42629727721214294
        ],
        [
          700,
          0.3878615180651347
        ],
        [
          800,
          0.6234754045804342
        ],
        [
          900,
          0.5796487644314766
        ],
        [
          1000,
          0.6630884593973557
        ],
        [
          1100,
          0.8396584471066793
        ],
        [
          1200,
          0.8012934929691256
        ],
        [
          1300,
          0.9037550369898478
        ]
      ]
    },
    "debug_large": {
      "config_name": "debug",
      "problem_size": "large",
      "samples_to_convergence": 1800,
      "efficiency_score": 25.0,
      "final_reward": 0.9035317182540894,
      "learning_curve": [
        [
          0,
          0.16226421594619753
        ],
        [
          100,
          0.008368408679962157
        ],
        [
          200,
          0.25910301208496095
        ],
        [
          300,
          0.21237194538116455
        ],
        [
          400,
          0.24948189556598666
        ],
        [
          500,
          0.27059530913829805
        ],
        [
          600,
          0.3262972772121429
        ],
        [
          700,
          0.271194851398468
        ],
        [
          800,
          0.49014207124710085
        ],
        [
          900,
          0.4296487644314766
        ],
        [
          1000,
          0.49642179273068904
        ],
        [
          1100,
          0.656325113773346
        ],
        [
          1200,
          0.6012934929691255
        ],
        [
          1300,
          0.6870883703231812
        ],
        [
          1400,
          0.691205022484064
        ],
        [
          1500,
          0.7141310572624207
        ],
        [
          1600,
          0.8005468728486449
        ],
        [
          1700,
          0.8643766835331916
        ],
        [
          1800,
          0.9035317182540894
        ]
      ]
    },
    "standard_small": {
      "config_name": "standard",
      "problem_size": "small",
      "samples_to_convergence": 800,
      "efficiency_score": 6.25,
      "final_reward": 0.9155971884727478,
      "learning_curve": [
        [
          0,
          0.16226421594619753
        ],
        [
          100,
          0.05705372393131256
        ],
        [
          200,
          0.3693102836608887
        ],
        [
          300,
          0.3684694230556488
        ],
        [
          400,
          0.45603459477424624
        ],
        [
          500,
          0.5240591704845429
        ],
        [
          600,
          0.6316902488470078
        ],
        [
          700,
          0.6020347833633423
        ],
        [
          800,
          0.9155971884727478
        ]
      ]
    },
    "standard_medium": {
      "config_name": "standard",
      "problem_size": "medium",
      "samples_to_convergence": 1300,
      "efficiency_score": 11.538461538461538,
      "final_reward": 0.9222276429335277,
      "learning_curve": [
        [
          0,
          0.16226421594619753
        ],
        [
          100,
          0.023720390597979223
        ],
        [
          200,
          0.30264361699422204
        ],
        [
          300,
          0.2684694230556488
        ],
        [
          400,
          0.3227012614409129
        ],
        [
          500,
          0.3573925038178762
        ],
        [
          600,
          0.4316902488470078
        ],
        [
          700,
          0.368701450030009
        ],
        [
          800,
          0.6489305218060811
        ],
        [
          900,
          0.5730776458978653
        ],
        [
          1000,
          0.6617836276690164
        ],
        [
          1100,
          0.8830130775769551
        ],
        [
          1200,
          0.8018784243613482
        ],
        [
          1300,
          0.9222276429335277
        ]
      ]
    },
    "standard_large": {
      "config_name": "standard",
      "problem_size": "large",
      "samples_to_convergence": 1800,
      "efficiency_score": 25.0,
      "final_reward": 0.9061805985867978,
      "learning_curve": [
        [
          0,
          0.16226421594619753
        ],
        [
          100,
          0.00705372393131256
        ],
        [
          200,
          0.2693102836608887
        ],
        [
          300,
          0.21846942305564881
        ],
        [
          400,
          0.2560345947742462
        ],
        [
          500,
          0.27405917048454287
        ],
        [
          600,
          0.33169024884700776
        ],
        [
          700,
          0.2520347833633423
        ],
        [
          800,
          0.5155971884727478
        ],
        [
          900,
          0.4230776458978653
        ],
        [
          1000,
          0.49511696100234986
        ],
        [
          1100,
          0.6996797442436219
        ],
        [
          1200,
          0.6018784243613481
        ],
        [
          1300,
          0.705560976266861
        ],
        [
          1400,
          0.6864084392786025
        ],
        [
          1500,
          0.6928184926509857
        ],
        [
          1600,
          0.8008993441239
        ],
        [
          1700,
          0.8743893757462501
        ],
        [
          1800,
          0.9061805985867978
        ]
      ]
    },
    "production_small": {
      "config_name": "production",
      "problem_size": "small",
      "samples_to_convergence": 800,
      "efficiency_score": 6.25,
      "final_reward": 0.9253776788711549,
      "learning_curve": [
        [
          0,
          0.16226421594619753
        ],
        [
          100,
          0.05661549866199494
        ],
        [
          200,
          0.37278323173522954
        ],
        [
          300,
          0.3705868899822235
        ],
        [
          400,
          0.4583569645881653
        ],
        [
          500,
          0.5253119885921478
        ],
        [
          600,
          0.6336806416511536
        ],
        [
          700,
          0.5948193788528442
        ],
        [
          800,
          0.9253776788711549
        ]
      ]
    },
    "production_medium": {
      "config_name": "production",