{
  "estimates": {
    "debug_small": {
      "config_name": "debug",
      "problem_size": "small",
      "step_time_seconds": 0.0002592050659371061,
      "total_steps": 1000,
      "total_time_hours": 6.480126648427653e-05,
      "meets_24h_requirement": true,
      "steps_per_hour": 13888617.44266028,
      "estimated_convergence_hours": 4.536088653899357e-05
    },
    "debug_medium": {
      "config_name": "debug",
      "problem_size": "medium",
      "step_time_seconds": 0.00037029295133872306,
      "total_steps": 1000,
      "total_time_hours": 9.257323783468078e-05,
      "meets_24h_requirement": true,
      "steps_per_hour": 9722032.209862195,
      "estimated_convergence_hours": 6.480126648427655e-05
    },
    "debug_large": {
      "config_name": "debug",
      "problem_size": "large",
      "step_time_seconds": 0.0006665273124097015,
      "total_steps": 1000,
      "total_time_hours": 0.00016663182810242537,
      "meets_24h_requirement": true,
      "steps_per_hour": 5401129.005478998,
      "estimated_convergence_hours": 0.00011664227967169776
    },
    "standard_small": {
      "config_name": "standard",
      "problem_size": "small",
      "step_time_seconds": 0.0002592050659371061,
      "total_steps": 50000,
      "total_time_hours": 0.0032400633242138264,
      "meets_24h_requirement": true,
      "steps_per_hour": 13888617.44266028,
      "estimated_convergence_hours": 0.002268044326949678
    },
    "standard_medium": {
      "config_name": "standard",
      "problem_size": "medium",
      "step_time_seconds": 0.00037029295133872306,
      "total_steps": 50000,
      "total_time_hours": 0.004628661891734037,
      "meets_24h_requirement": true,
      "steps_per_hour": 9722032.209862195,
      "estimated_convergence_hours": 0.003240063324213826
    },
    "standard_large": {
      "config_name": "standard",
      "problem_size": "large",
      "step_time_seconds": 0.0006665273124097015,
      "total_steps": 50000,
      "total_time_hours": 0.00833159140512127,
      "meets_24h_requirement": true,
      "steps_per_hour": 5401129.005478998,
      "estimated_convergence_hours": 0.005832113983584888
    },
    "production_small": {
      "config_name": "production",
      "problem_size": "small",
      "step_time_seconds": 0.0002592050659371061,
      "total_steps": 25000,
      "total_time_hours": 0.0016200316621069132,
      "meets_24h_requirement": true,
      "steps_per_hour": 13888617.44266028,
      "estimated_convergence_hours": 0.001134022163474839
    },
    "production_medium": {
      "config_name": "production",
      "problem_size": "medium",
      "step_time_seconds": 0.00037029295133872306,
      "total_steps": 25000,
      "total_time_hours": 0.0023143309458670187,
      "meets_24h_requirement": true,
      "steps_per_hour": 9722032.209862195,
      "estimated_convergence_hours": 0.001620031662106913
    },
    "production_large": {
      "config_name": "production",
      "problem_size": "large",
      "step_time_seconds": 0.0006665273124097015,
      "total_steps": 25000,
      "total_time_hours": 0.004165795702560635,
      "meets_24h_requirement": true,
      "steps_per_hour": 5401129.005478998,
      "estimated_convergence_hours": 0.002916056991792444
    }
  },
  "summary": {
    "jax_speedup": 83.71749958492445,
    "fastest_config": "debug_small",
    "fastest_time_hours": 6.480126648427653e-05,
    "meets_requirement_count": 9,
    "total_configs_tested": 9,
    "requirements_achievable": true,
    "gpu_acceleration_available": true,
    "estimated_gpu_speedup": "5-10x"
  }
}