{
  "Random": {
    "method": "Random",
    "aggregate_metrics": {
      "mean_improvement": 2.1024351436644793,
      "std_improvement": 0.8460489314539686,
      "mean_final_value": -1.667798237875104,
      "mean_trajectory_value": 0.6896929889917374,
      "mean_f1_score": 0.0,
      "mean_shd": 1.5,
      "n_scms": 4
    },
    "scm_results": {
      "fork": {
        "initial_value": 0.26458996534347534,
        "best_value": -2.011728525161743,
        "improvement": 2.2763184905052185,
        "regret": 0.0,
        "n_unique_interventions": 0,
        "true_parents": [
          "X",
          "Z"
        ],
        "mean_trajectory_value": 0.3560252785682678,
        "f1_score": 0.0,
        "shd": 2
      },
      "chain_3": {
        "initial_value": 0.31860530376434326,
        "best_value": -1.7229353189468384,
        "improvement": 2.0415406227111816,
        "regret": 0.0,
        "n_unique_interventions": 0,
        "true_parents": [
          "X1"
        ],
        "mean_trajectory_value": 0.06646537780761719,
        "f1_score": 0.0,
        "shd": 1
      },
      "chain_5": {
        "initial_value": 0.9440136551856995,
        "best_value": 0.08611088246107101,
        "improvement": 0.8579027727246284,
        "regret": 0.0,
        "n_unique_interventions": 0,
        "true_parents": [
          "X3"
        ],
        "mean_trajectory_value": 2.392538070678711,
        "f1_score": 0.0,
        "shd": 1
      },
      "collider": {
        "initial_value": 0.21133869886398315,
        "best_value": -3.0226399898529053,
        "improvement": 3.2339786887168884,
        "regret": 0.0,
        "n_unique_interventions": 0,
        "true_parents": [
          "Y",
          "X"
        ],
        "mean_trajectory_value": -0.056256771087646484,
        "f1_score": 0.0,
        "shd": 2
      }
    }
  },
  "Oracle": {
    "method": "Oracle",
    "aggregate_metrics": {
      "mean_improvement": 4.117783263325691,
      "std_improvement": 0.7475385180980488,
      "mean_final_value": -3.683146357536316,
      "mean_trajectory_value": -2.297352582216263,
      "mean_f1_score": 0.0,
      "mean_shd": 1.5,
      "n_scms": 4
    },
    "scm_results": {
      "fork": {
        "initial_value": 0.26458996534347534,
        "best_value": -5.041262149810791,
        "improvement": 5.305852115154266,
        "regret": 0.0,
        "n_unique_interventions": 0,
        "true_parents": [
          "X",
          "Z"
        ],
        "mean_trajectory_value": -2.9920458793640137,
        "f1_score": 0.0,
        "shd": 2
      },
      "chain_3": {
        "initial_value": 0.31860530376434326,
        "best_value": -3.4809627532958984,
        "improvement": 3.7995680570602417,
        "regret": 0.0,
        "n_unique_interventions": 0,
        "true_parents": [
          "X1"
        ],
        "mean_trajectory_value": -2.3479645252227783,
        "f1_score": 0.0,
        "shd": 1
      },
      "chain_5": {
        "initial_value": 0.9440136551856995,
        "best_value": -3.1536705493927,
        "improvement": 4.0976842045784,
        "regret": 0.0,
        "n_unique_interventions": 0,
        "true_parents": [
          "X3"
        ],
        "mean_trajectory_value": -1.9339582920074463,
        "f1_score": 0.0,
        "shd": 1
      },
      "collider": {
        "initial_value": 0.21133869886398315,
        "best_value": -3.056689977645874,
        "improvement": 3.268028676509857,
        "regret": 0.0,
        "n_unique_interventions": 0,
        "true_parents": [
          "Y",
          "X"
        ],
        "mean_trajectory_value": -1.915441632270813,
        "f1_score": 0.0,
        "shd": 2
      }
    }
  }
}