{
  "Random": {
    "method": "Random",
    "aggregate_metrics": {
      "mean_improvement": 2.194977628067136,
      "std_improvement": 0.9751527215828957,
      "mean_final_value": -1.7543971110135317,
      "mean_trajectory_value": 0.6729208827018738,
      "mean_f1_score": 0.0,
      "mean_shd": 1.5,
      "n_scms": 4
    },
    "scm_results": {
      "fork": {
        "initial_value": 0.26458996534347534,
        "best_value": -2.011728525161743,
        "improvement": 2.2763184905052185,
        "regret": 0.0,
        "n_unique_interventions": 0,
        "true_parents": [
          "X",
          "Z"
        ],
        "mean_trajectory_value": 0.3560252785682678,
        "f1_score": 0.0,
        "shd": 2
      },
      "chain_3": {
        "initial_value": 0.31860530376434326,
        "best_value": -1.7229353189468384,
        "improvement": 2.0415406227111816,
        "regret": 0.0,
        "n_unique_interventions": 0,
        "true_parents": [
          "X1"
        ],
        "mean_trajectory_value": 0.06646537780761719,
        "f1_score": 0.0,
        "shd": 1
      },
      "chain_5": {
        "initial_value": 0.9440136551856995,
        "best_value": 0.08611088246107101,
        "improvement": 0.8579027727246284,
        "regret": 0.0,
        "n_unique_interventions": 0,
        "true_parents": [
          "X3"
        ],
        "mean_trajectory_value": 2.392538070678711,
        "f1_score": 0.0,
        "shd": 1
      },
      "collider": {
        "initial_value": 0.23511314392089844,
        "best_value": -3.369035482406616,
        "improvement": 3.6041486263275146,
        "regret": 0.0,
        "n_unique_interventions": 0,
        "true_parents": [
          "X",
          "Y"
        ],
        "mean_trajectory_value": -0.12334519624710083,
        "f1_score": 0.0,
        "shd": 2
      }
    }
  },
  "Oracle": {
    "method": "Oracle",
    "aggregate_metrics": {
      "mean_improvement": 4.204583436250687,
      "std_improvement": 0.6587100697126235,
      "mean_final_value": -3.7640029191970825,
      "mean_trajectory_value": -2.314124643802643,
      "mean_f1_score": 0.0,
      "mean_shd": 1.5,
      "n_scms": 4
    },
    "scm_results": {
      "fork": {
        "initial_value": 0.26458996534347534,
        "best_value": -5.041262149810791,
        "improvement": 5.305852115154266,
        "regret": 0.0,
        "n_unique_interventions": 0,
        "true_parents": [
          "X",
          "Z"
        ],
        "mean_trajectory_value": -2.9920458793640137,
        "f1_score": 0.0,
        "shd": 2
      },
      "chain_3": {
        "initial_value": 0.31860530376434326,
        "best_value": -3.4809627532958984,
        "improvement": 3.7995680570602417,
        "regret": 0.0,
        "n_unique_interventions": 0,
        "true_parents": [
          "X1"
        ],
        "mean_trajectory_value": -2.3479645252227783,
        "f1_score": 0.0,
        "shd": 1
      },
      "chain_5": {
        "initial_value": 0.9440136551856995,
        "best_value": -3.1536705493927,
        "improvement": 4.0976842045784,
        "regret": 0.0,
        "n_unique_interventions": 0,
        "true_parents": [
          "X3"
        ],
        "mean_trajectory_value": -1.9339582920074463,
        "f1_score": 0.0,
        "shd": 1
      },
      "collider": {
        "initial_value": 0.23511314392089844,
        "best_value": -3.3801162242889404,
        "improvement": 3.615229368209839,
        "regret": 0.0,
        "n_unique_interventions": 0,
        "true_parents": [
          "X",
          "Y"
        ],
        "mean_trajectory_value": -1.982529878616333,
        "f1_score": 0.0,
        "shd": 2
      }
    }
  },
  "bc+bc_surrogate": {
    "method": "bc+bc_surrogate",
    "aggregate_metrics": {
      "mean_improvement": 2.573211580514908,
      "std_improvement": 1.163832418757827,
      "mean_final_value": -2.1326310634613037,
      "mean_trajectory_value": -0.608791746199131,
      "mean_f1_score": 0.5,
      "mean_shd": 1.5,
      "n_scms": 4
    },
    "scm_results": {
      "fork": {
        "initial_value": 0.26458996534347534,
        "best_value": -1.5932754278182983,
        "improvement": 1.8578653931617737,
        "regret": 0.0,
        "n_unique_interventions": 0,
        "true_parents": [
          "X",
          "Z"
        ],
        "mean_trajectory_value": -0.4048672914505005,
        "f1_score": 0.0,
        "shd": 3
      },
      "chain_3": {
        "initial_value": 0.31860530376434326,
        "best_value": -2.035770893096924,
        "improvement": 2.354376196861267,
        "regret": 0.0,
        "n_unique_interventions": 0,
        "true_parents": [
          "X1"
        ],
        "mean_trajectory_value": -0.6819850206375122,
        "f1_score": 1.0,
        "shd": 0
      },
      "chain_5": {
        "initial_value": 0.9440136551856995,
        "best_value": -3.5832431316375732,
        "improvement": 4.527256786823273,
        "regret": 0.0,
        "n_unique_interventions": 0,
        "true_parents": [
          "X3"
        ],
        "mean_trajectory_value": -0.9115686416625977,
        "f1_score": 1.0,
        "shd": 0
      },
      "collider": {
        "initial_value": 0.23511314392089844,
        "best_value": -1.3182348012924194,
        "improvement": 1.5533479452133179,
        "regret": 0.0,
        "n_unique_interventions": 0,
        "true_parents": [
          "X",
          "Y"
        ],
        "mean_trajectory_value": -0.4367460310459137,
        "f1_score": 0.0,
        "shd": 3
      }
    }
  }
}