{
  "Random": {
    "method": "Random",
    "aggregate_metrics": {
      "mean_improvement": 1.7288817167282104,
      "std_improvement": 1.36010600255328,
      "mean_final_value": -1.2883011996746063,
      "mean_trajectory_value": 0.37947612069547176,
      "mean_f1_score": 0.0,
      "mean_shd": 1.5,
      "n_scms": 4
    },
    "scm_results": {
      "fork": {
        "initial_value": 0.26458996534347534,
        "best_value": -2.011728525161743,
        "improvement": 2.2763184905052185,
        "regret": 0.0,
        "n_unique_interventions": 0,
        "true_parents": [
          "X",
          "Z"
        ],
        "mean_trajectory_value": 0.06214674562215805,
        "f1_score": 0.0,
        "shd": 2
      },
      "chain_3": {
        "initial_value": 0.31860530376434326,
        "best_value": -3.336486577987671,
        "improvement": 3.655091881752014,
        "regret": 0.0,
        "n_unique_interventions": 0,
        "true_parents": [
          "X1"
        ],
        "mean_trajectory_value": -0.608856201171875,
        "f1_score": 0.0,
        "shd": 1
      },
      "chain_5": {
        "initial_value": 0.9440136551856995,
        "best_value": 0.8582288026809692,
        "improvement": 0.08578485250473022,
        "regret": 0.0,
        "n_unique_interventions": 0,
        "true_parents": [
          "X3"
        ],
        "mean_trajectory_value": 1.8266013860702515,
        "f1_score": 0.0,
        "shd": 1
      },
      "collider": {
        "initial_value": 0.23511314392089844,
        "best_value": -0.6632184982299805,
        "improvement": 0.8983316421508789,
        "regret": 0.0,
        "n_unique_interventions": 0,
        "true_parents": [
          "X",
          "Y"
        ],
        "mean_trajectory_value": 0.23801255226135254,
        "f1_score": 0.0,
        "shd": 2
      }
    }
  },
  "Oracle": {
    "method": "Oracle",
    "aggregate_metrics": {
      "mean_improvement": 4.204583436250687,
      "std_improvement": 0.6587100697126235,
      "mean_final_value": -3.7640029191970825,
      "mean_trajectory_value": -2.132282108068466,
      "mean_f1_score": 0.0,
      "mean_shd": 1.5,
      "n_scms": 4
    },
    "scm_results": {
      "fork": {
        "initial_value": 0.26458996534347534,
        "best_value": -5.041262149810791,
        "improvement": 5.305852115154266,
        "regret": 0.0,
        "n_unique_interventions": 0,
        "true_parents": [
          "X",
          "Z"
        ],
        "mean_trajectory_value": -2.773907423019409,
        "f1_score": 0.0,
        "shd": 2
      },
      "chain_3": {
        "initial_value": 0.31860530376434326,
        "best_value": -3.4809627532958984,
        "improvement": 3.7995680570602417,
        "regret": 0.0,
        "n_unique_interventions": 0,
        "true_parents": [
          "X1"
        ],
        "mean_trajectory_value": -2.1948835849761963,
        "f1_score": 0.0,
        "shd": 1
      },
      "chain_5": {
        "initial_value": 0.9440136551856995,
        "best_value": -3.1536705493927,
        "improvement": 4.0976842045784,
        "regret": 0.0,
        "n_unique_interventions": 0,
        "true_parents": [
          "X3"
        ],
        "mean_trajectory_value": -1.6812776327133179,
        "f1_score": 0.0,
        "shd": 1
      },
      "collider": {
        "initial_value": 0.23511314392089844,
        "best_value": -3.3801162242889404,
        "improvement": 3.615229368209839,
        "regret": 0.0,
        "n_unique_interventions": 0,
        "true_parents": [
          "X",
          "Y"
        ],
        "mean_trajectory_value": -1.8790597915649414,
        "f1_score": 0.0,
        "shd": 2
      }
    }
  },
  "random+bc_static": {
    "method": "random+bc_static",
    "aggregate_metrics": {
      "mean_improvement": 1.7288817167282104,
      "std_improvement": 1.36010600255328,
      "mean_final_value": -1.2883011996746063,
      "mean_trajectory_value": 0.37947612069547176,
      "mean_f1_score": 0.8333333333333333,
      "mean_shd": 0.5,
      "n_scms": 4
    },
    "scm_results": {
      "fork": {
        "initial_value": 0.26458996534347534,
        "best_value": -2.011728525161743,
        "improvement": 2.2763184905052185,
        "regret": 0.0,
        "n_unique_interventions": 0,
        "true_parents": [
          "X",
          "Z"
        ],
        "mean_trajectory_value": 0.06214674562215805,
        "f1_score": 0.6666666666666666,
        "shd": 1
      },
      "chain_3": {
        "initial_value": 0.31860530376434326,
        "best_value": -3.336486577987671,
        "improvement": 3.655091881752014,
        "regret": 0.0,
        "n_unique_interventions": 0,
        "true_parents": [
          "X1"
        ],
        "mean_trajectory_value": -0.608856201171875,
        "f1_score": 1.0,
        "shd": 0
      },
      "chain_5": {
        "initial_value": 0.9440136551856995,
        "best_value": 0.8582288026809692,
        "improvement": 0.08578485250473022,
        "regret": 0.0,
        "n_unique_interventions": 0,
        "true_parents": [
          "X3"
        ],
        "mean_trajectory_value": 1.8266013860702515,
        "f1_score": 1.0,
        "shd": 0
      },
      "collider": {
        "initial_value": 0.23511314392089844,
        "best_value": -0.6632184982299805,
        "improvement": 0.8983316421508789,
        "regret": 0.0,
        "n_unique_interventions": 0,
        "true_parents": [
          "X",
          "Y"
        ],
        "mean_trajectory_value": 0.23801255226135254,
        "f1_score": 0.6666666666666666,
        "shd": 1
      }
    }
  },
  "oracle+bc_static": {
    "method": "oracle+bc_static",
    "aggregate_metrics": {
      "mean_improvement": 4.204583436250687,
      "std_improvement": 0.6587100697126235,
      "mean_final_value": -3.7640029191970825,
      "mean_trajectory_value": -2.132282108068466,
      "mean_f1_score": 0.8333333333333333,
      "mean_shd": 0.5,
      "n_scms": 4
    },
    "scm_results": {
      "fork": {
        "initial_value": 0.26458996534347534,
        "best_value": -5.041262149810791,
        "improvement": 5.305852115154266,
        "regret": 0.0,
        "n_unique_interventions": 0,
        "true_parents": [
          "X",
          "Z"
        ],
        "mean_trajectory_value": -2.773907423019409,
        "f1_score": 0.6666666666666666,
        "shd": 1
      },
      "chain_3": {
        "initial_value": 0.31860530376434326,
        "best_value": -3.4809627532958984,
        "improvement": 3.7995680570602417,
        "regret": 0.0,
        "n_unique_interventions": 0,
        "true_parents": [
          "X1"
        ],
        "mean_trajectory_value": -2.1948835849761963,
        "f1_score": 1.0,
        "shd": 0
      },
      "chain_5": {
        "initial_value": 0.9440136551856995,
        "best_value": -3.1536705493927,
        "improvement": 4.0976842045784,
        "regret": 0.0,
        "n_unique_interventions": 0,
        "true_parents": [
          "X3"
        ],
        "mean_trajectory_value": -1.6812776327133179,
        "f1_score": 1.0,
        "shd": 0
      },
      "collider": {
        "initial_value": 0.23511314392089844,
        "best_value": -3.3801162242889404,
        "improvement": 3.615229368209839,
        "regret": 0.0,
        "n_unique_interventions": 0,
        "true_parents": [
          "X",
          "Y"
        ],
        "mean_trajectory_value": -1.8790597915649414,
        "f1_score": 0.6666666666666666,
        "shd": 1
      }
    }
  },
  "bc+bc_static": {
    "method": "bc+bc_static",
    "aggregate_metrics": {
      "mean_improvement": 2.236942768096924,
      "std_improvement": 1.437225637543981,
      "mean_final_value": -1.7963622510433197,
      "mean_trajectory_value": -0.6247991770505905,
      "mean_f1_score": 0.8333333333333333,
      "mean_shd": 0.5,
      "n_scms": 4
    },
    "scm_results": {
      "fork": {
        "initial_value": 0.26458996534347534,