{
  "Random": {
    "method": "Random",
    "scm_results": {
      "fork": {
        "initial_value": 0.05656338483095169,
        "best_value": -4.177524566650391,
        "improvement": 4.234087951481342,
        "regret": 0.0,
        "n_unique_interventions": 0,
        "true_parents": [
          "Z",
          "X"
        ],
        "f1_score": 0.0,
        "shd": 2
      },
      "chain_3": {
        "initial_value": 0.31860530376434326,
        "best_value": -4.63124418258667,
        "improvement": 4.949849486351013,
        "regret": 0.0,
        "n_unique_interventions": 0,
        "true_parents": [
          "X1"
        ],
        "f1_score": 0.0,
        "shd": 1
      },
      "chain_5": {
        "initial_value": 0.9440136551856995,
        "best_value": -9.160537719726562,
        "improvement": 10.104551374912262,
        "regret": 0.0,
        "n_unique_interventions": 0,
        "true_parents": [
          "X3"
        ],
        "f1_score": 0.0,
        "shd": 1
      },
      "collider": {
        "initial_value": 0.21133869886398315,
        "best_value": -2.15376615524292,
        "improvement": 2.365104854106903,
        "regret": 0.0,
        "n_unique_interventions": 0,
        "true_parents": [
          "Y",
          "X"
        ],
        "f1_score": 0.0,
        "shd": 2
      },
      "sparse_4vars": {
        "initial_value": 0.13969355821609497,
        "best_value": -0.7805192470550537,
        "improvement": 0.9202128052711487,
        "regret": 0.0,
        "n_unique_interventions": 0,
        "true_parents": [],
        "f1_score": 1.0,
        "shd": 0
      }
    },
    "aggregate_metrics": {
      "mean_improvement": 4.514761294424534,
      "std_improvement": 3.132271829084625,
      "mean_final_value": -4.1807183742523195,
      "mean_f1_score": 0.2,
      "n_scms": 5
    }
  },
  "Oracle": {
    "method": "Oracle",
    "scm_results": {
      "fork": {
        "initial_value": 0.05656338483095169,
        "best_value": -5.1014251708984375,
        "improvement": 5.157988555729389,
        "regret": 0.0,
        "n_unique_interventions": 0
      },
      "chain_3": {
        "initial_value": 0.31860530376434326,
        "best_value": -3.761988878250122,
        "improvement": 4.080594182014465,
        "regret": 0.0,
        "n_unique_interventions": 0
      },
      "chain_5": {
        "initial_value": 0.9440136551856995,
        "best_value": -3.422462224960327,
        "improvement": 4.366475880146027,
        "regret": 0.0,
        "n_unique_interventions": 0
      },
      "collider": {
        "initial_value": 0.21133869886398315,
        "best_value": -2.843055486679077,
        "improvement": 3.0543941855430603,
        "regret": 0.0,
        "n_unique_interventions": 0
      },
      "sparse_4vars": {
        "initial_value": 0.13969355821609497,
        "best_value": -0.7805192470550537,
        "improvement": 0.9202128052711487,
        "regret": 0.0,
        "n_unique_interventions": 0
      }
    },
    "aggregate_metrics": {
      "mean_improvement": 3.515933121740818,
      "std_improvement": 1.4621486447086187,
      "mean_final_value": -3.1818902015686037,
      "n_scms": 5
    }
  }
}